{
  "project_info": {
    "project_number": "268944987061",
    "firebase_url": "https://trendin-68158.firebaseio.com",
    "project_id": "trendin-68158",
    "storage_bucket": "trendin-68158.appspot.com"
  },
  "client": [
    {
      "client_info": {
        "mobilesdk_app_id": "1:268944987061:android:358fceff05dec239cabffc",
        "android_client_info": {
          "package_name": "com.mohak.instagram"
        }
      },
      "oauth_client": [
        {
          "client_id": "268944987061-j6nhqmdgk4k5tao8p2hii3v0m9hs2gqt.apps.googleusercontent.com",
          "client_type": 1,
          "android_info": {
            "package_name": "com.mohak.instagram",
            "certificate_hash": "59998cccadff46dbcd90acd0b98997651f66c3e8"
          }
        },
        {
          "client_id": "268944987061-ji8v5e2m8nhe5pdjsf3u60co2g4bkc3b.apps.googleusercontent.com",
          "client_type": 3
        }
      ],
      "api_key": [
        {
          "current_key": "AIzaSyAs8mLX_t5PgYqLXqwTXRWmKG_EAd5UwFs"
        }
      ],
      "services": {
        "appinvite_service": {
          "other_platform_oauth_client": [
            {
              "client_id": "268944987061-ji8v5e2m8nhe5pdjsf3u60co2g4bkc3b.apps.googleusercontent.com",
              "client_type": 3
            }
          ]
        }
      }
    }
  ],
  "configuration_version": "1"
}